Zip, Rating
35235,4
60416,5
11542,5
11545,4
07462,4
07463,5
07461,5
19390,6
19713,4
19711,5
48895,4
74019,7
74015,3
74014,4
74017,4
74011,7
74010,6
74012,6
46135,2
46131,5
98642,5
19973,5
32011,5
07032,5
19975,10
06335,5
12019,10
12018,7
06333,7
06339,7
97338,5
17257,6
63025,7
63026,4
10708,4
63020,4
63021,5
10703,5
10701,3
63028,8
10705,5
10704,4
21617,4
84123,5
84120,3
84121,6
84124,7
90713,3
84128,2
45449,3
45440,8
85614,4
44241,6
01020,4
49301,4
07465,8
01028,6
49306,4
75052,10
75050,2
75051,6
75056,7
75054,10
90640,4
14624,5
14626,3
14621,5
14622,5
13057,4
18702,7
78669,7
18707,6
18706,3
18704,5
33859,4
78660,5
78666,1
78664,8
78665,6
94541,4
94545,8
94544,5
94546,5
94549,5
87109,9
87108,6
27573,9
87102,5
87105,1
87104,2
87107,7
87106,9
08052,5
08501,6
08502,4
08051,6
08057,4
08054,7
08055,7
67101,9
08059,4
83617,5
83616,5
07853,6
07850,6
23059,9
07856,6
23509,6
23508,4
23507,5
07676,4
07675,4
23504,5
23503,5
23502,4
07670,5
27617,3
27616,5
27615,7
76087,6
27613,8
27612,4
27610,2
72704,6
72703,10
72701,5
12831,6
01581,5
92262,3
92260,5
92264,4
73068,6
55331,4
55330,6
55337,2
06108,4
06109,4
06106,5
06107,5
06105,4
92084,5
92082,3
92083,5
92081,7
74955,6
74953,5
01590,4
77025,5
77024,3
77027,5
77026,6
92882,5
77020,8
77023,1
77022,7
01841,4
77028,5
01844,1
01845,3
31909,7
31904,4
31906,1
31907,2
31901,4
31903,1
32224,5
32225,4
32226,5
19707,10
32220,3
32221,5
32222,4
32223,5
19709,8
98109,6
98108,4
75287,2
98107,4
98106,5
98101,4
98103,5
98102,7
11757,5
11756,9
11755,4
11754,5
11753,1
11752,6
11751,4
90813,3
90810,3
90815,1
11758,6
19560,5
19565,6
19567,4
83686,1
83687,2
20886,4
20732,8
20735,5
20882,5
20737,4
20736,4
64029,8
60018,5
60014,5
60015,4
60016,5
60010,5
64024,7
60012,5
60013,5
80104,3
80107,5
80108,4
80109,5
46303,2
21286,4
46307,4
91739,8
45309,7
48228,5
45305,4
48224,5
48227,5
90403,4
48221,5
48220,4
48223,4
99508,4
99507,7
99504,4
99502,5
99501,5
77380,5
19971,8
91730,5
23513,5
19970,8
07860,4
29376,4
10579,6
10576,6
10570,1
10573,8
37302,4
18938,10
30620,4
80817,4
33756,3
33755,3
01450,5
43228,1
37075,9
01453,4
43229,3
33021,6
33020,8
89451,5
40220,5
40223,4
40222,4
40229,1
40228,2
16505,5
24551,4
28429,5
28428,6
28425,9
28422,9
30337,6
30331,5
94954,1
43227,2
30338,5
30339,9
77568,3
77563,5
77565,7
77566,4
96797,5
92604,5
55102,9
55106,3
55104,3
55105,4
96792,5
55109,4
06820,5
06825,5
06824,9
91214,5
20745,5
35214,1
35215,2
35216,5
35217,2
35210,5
35211,2
35212,5
35213,4
07442,4
47025,4
02124,2
07446,4
02127,4
02128,3
02129,3
11563,5
11565,7
11566,5
74033,5
74037,1
74036,6
98664,6
98665,3
97132,4
98660,2
98661,3
98662,4
98663,4
50035,7
32073,1
01473,5
64057,6
01475,2
12033,7
63042,1
63043,5
63040,8
63044,3
63048,6
63049,5
49098,5
21638,7
49090,4
95828,8
49546,5
49097,4
84108,5
84109,5
84101,4
84102,4
84103,4
84105,5
84106,7
84107,3
43147,9
43140,5
46845,5
68111,2
75071,9
01040,1
75074,5
75075,8
75077,3
75078,7
60465,5
60464,9
60467,5
60466,4
60461,1
60463,3
60462,4
02048,4
90660,4
70130,5
70131,2
21921,5
13078,8
44221,3
44223,4
44224,3
33525,4
33527,5
33523,3
48054,9
87124,5
87123,3
87122,10
87121,5
87120,7
94566,10
94565,2
91042,5
94561,7
48059,4
83634,4
08078,5
08079,2
08070,4
08071,4
08075,3
29745,5
08077,4
02809,7
07830,7
07834,4
07836,8
30291,2
30290,3
30297,5
30296,3
30294,4
15116,4
39574,8
39571,8
78640,3
78641,7
78642,2
78132,3
78133,4
78130,9
31210,8
31211,4
31216,4
31217,3
76207,4
76205,5
76208,5
76209,1
12589,7
12586,4
95219,6
92240,2
92532,7
92530,2
90732,5
28655,5
08721,4
28658,7
22030,6
22031,5
22032,5
22033,7
01864,5
01867,8
22039,5
77003,6
77002,4
77007,4
77006,5
77005,10
77004,10
77009,5
77008,5
43338,5
55317,8
55316,5
16001,5
32246,5
32244,2
93111,5
93110,1
93117,5
55318,3
98122,5
98121,4
17356,7
17603,4
17602,2
17601,6
20716,4
20715,9
20866,5
20711,5
60073,3
60070,7
60076,4
60077,5
60074,4
90291,5
90290,5
90293,3
90292,5
48203,3
45322,7
48206,4
48205,3
45324,4
02780,1
10562,5
12208,3
12209,3
97477,5
97478,6
12205,5
12203,3
36582,5
96707,4
53562,2
10510,9
53566,4
29356,5
37363,6
18951,8
21409,4
32127,5
21401,5
21403,5
24151,5
80831,5
37188,5
04092,5
04090,8
04096,4
40203,5
08330,5
40207,5
40206,3
40205,5
40204,4
40208,2
33954,4
33957,10
33950,4
33952,5
24572,5
28409,5
28403,9
28401,2
28405,5
34983,5
34982,5
30350,5
34987,3
34986,6
30354,2
34984,5
92831,4
35054,4
19446,5
89005,5
89002,3
55128,5
55129,9
55122,7
55123,6
55124,5
55125,6
55126,5
55127,5
06807,6
06804,5
06801,5
93611,4
66043,5
66048,4
33853,3
47001,5
27006,7
48854,4
48855,8
34744,3
74055,9
32583,5
98606,6
98607,8
98604,3
97116,8
97113,5
07732,5
19046,8
62088,5
32725,1
32724,4
32726,5
32720,5
19939,8
12054,6
19040,4
80910,6
22310,5
06371,7
06370,5
06374,4
21875,6
85388,6
49525,3
85381,5
85383,9
85382,8
85387,4
45402,1
45403,3
45406,3
45405,2
45409,4
08629,3
27571,3
27576,3
27577,5
08628,4
27574,7
75098,9
68137,6
68136,8
75094,5
68134,4
68133,7
68132,4
68131,4
68130,8
60443,5
60442,5
60441,7
60440,5
60447,4
60446,7
60445,4
08053,4
94112,5
60449,5
60448,6
70118,5
70119,6
53954,5
90602,5
90603,4
90601,5
90606,1
90604,4
08505,5
44420,6
02633,6
13090,4
85653,5
80440,3
85122,4
36110,4
36111,5
36116,4
85128,1
33549,4
33542,5
33543,4
33541,4
33547,4
33544,3
33545,4
48079,4
48074,4
48075,5
48076,5
48071,4
48072,4
48073,4
29720,5
67147,5
80528,4
23505,4
72076,6
85003,8
15132,3
15131,4
96782,4
15137,5
15136,2
39553,5
80526,3
37645,8
33896,2
33897,3
37642,6
78114,6
30014,5
30017,9
30016,3
30011,8
30013,5
30012,4
72211,5
72210,4
76226,8
72212,4
30019,2
27614,6
50325,8
50327,6
50321,5
50320,3
50323,9
50322,5
02861,3
02860,6
28092,7
02865,7
02864,6
22630,5
28677,8
28673,7
01886,8
01887,6
01880,4
77069,5
77068,6
77061,6
77063,6
77062,7
77065,8
77064,6
73034,10
77066,3
07764,4
07760,4
07762,7
19038,7
19036,1
19035,4
19032,3
19033,6
19030,8
11798,1
11793,7
11792,3
11791,5
11790,5
11797,4
11795,5
62236,5
60050,4
60051,5
60053,5
60056,5
32344,5
98144,4
98146,6
98418,2
33155,5
91755,5
33406,5
53092,5
53090,3
33405,3
53095,4
33404,8
11933,5
10530,4
10533,7
10536,3
10538,4
75135,8
75134,4
75137,3
37341,5
37343,4
18974,5
18976,9
37347,1
03904,9
45342,7
03903,5
03909,5
03908,9
40047,8
46227,1
85719,4
28461,7
33971,4
28462,5
54017,8
54016,7
14304,5
38019,3
38018,4
38017,9
38016,5
31029,7
89027,4
89029,5
84058,4
66062,9
66061,8
07480,5
07481,4
23228,4
23229,5
27021,6
27023,10
23222,5
23223,5
23220,3
23226,4
23227,3
23224,5
23225,4
15301,4
95391,7
35071,5
35079,7
92881,8
74070,7
98629,4
07456,5
92708,4
92701,5
92703,2
39056,5
92704,5
92707,2
07452,5
32703,3
32701,4
32707,5
07450,5
06357,4
06424,4
06355,6
06423,3
06422,5
12077,5
06359,4
77477,6
77474,6
77471,6
77478,5
77479,1
07458,4
21853,4
49058,5
49509,4
49508,5
49507,1
49506,5
49505,5
49504,4
49503,2
49053,6
80241,6
45429,5
45420,3
45424,5
45426,2
43103,8
94131,5
46229,2
60429,3
60428,4
60423,5
60422,3
60425,4
60426,5
20109,8
20105,8
80465,5
36117,4
27596,6
27597,4
41051,5
27591,2
27592,7
28144,5
99021,8
70791,9
48017,4
95662,6
95661,9
95660,6
95667,4
44484,2
29708,10
29707,7
29706,5
37087,5
37086,5
33706,5
33707,4
18505,6
18504,5
33702,4
33703,5
18508,4
33708,5
33709,4
72058,9
34285,8
76028,6
34287,3
34288,4
76020,3
76021,8
39531,5
39530,5
39532,9
92886,5
78681,10
92887,5
37663,5
98258,3
37660,4
29936,5
33566,4
37664,6
77021,6
37882,4
92883,8
30033,5
30032,4
76248,4
30030,8
92880,8
30035,3
30034,2
30039,5
30038,6
76247,5
76244,5
92570,6
92571,7
66215,4
50309,5
66210,5
66212,5
66213,3
66218,4
73078,6
28078,6
28079,7
28075,3
02842,4
02840,5
22611,7
91377,5
28613,5
73010,6
92397,5
73012,8
73013,5
77043,7
77042,5
77041,5
77040,7
73018,5
77049,5
77048,3
19014,2
32935,4
32937,5
07747,7
07746,4
19013,2
07748,4
19018,5
16066,5
61073,8
61072,10
19701,2
19702,5
19703,4
55313,7
02472,5
27278,9
95624,5
38128,2
42420,5
98105,5
17313,5
17315,4
98168,4
17319,7
98166,5
70094,10
99567,8
91722,6
53218,2
53219,5
53214,4
53215,5
53216,5
53217,4
53210,5
53211,5
53212,2
53213,9
24121,4
37416,2
37411,3
37412,4
37419,6
01749,5
75116,4
75115,5
36067,4
75119,5
01746,7
36064,2
20190,3
19963,4
74146,4
48240,2
73130,8
44017,4
08110,3
44012,5
40065,2
44011,7
74145,6
01440,2
21804,4
78541,9
33919,3
33913,2
33912,3
28443,8
33914,6
33917,5
33916,1
91411,4
89044,10
71006,7
19138,3
40245,9
29063,8
40241,5
02180,4
02186,5
48813,5
27040,8
34491,5
27045,4
12401,5
15367,4
19468,7
19465,8
19464,5
32547,4
32541,5
19460,4
19462,5
01982,4
08805,3
08807,8
50021,8
08801,3
08802,7
08809,8
32092,8
32763,4
32765,5
32095,5
32766,4
06403,4
22152,5
06401,4
22150,3
22408,4
06405,5
22405,5
22407,5
22406,4
22401,4
77459,9
77450,9
44512,4
49079,5
44511,4
49071,3
46714,7
12144,5
43125,3
43123,7
44425,5
93454,6
93455,8
93458,4
98204,5
98203,5
98201,5
98208,9
60406,4
60404,7
60403,6
60402,4
60153,1
60152,6
60409,2
60408,6
08534,4
20905,2
85345,1
46304,4
85340,8
20124,8
91505,7
20120,9
20121,4
90047,3
48382,5
48383,4
48380,4
48381,6
48386,4
44710,5
44714,5
44718,4
80401,6
80403,6
48030,3
41071,5
45005,5
45002,6
41076,6
41075,5
41074,4
48039,5
10471,5
99006,4
10473,10
99004,4
78374,4
95608,5
78373,8
95603,3
95602,3
48225,1
33760,5
33761,4
37069,4
19406,4
33764,5
33765,4
37064,9
37067,9
37066,10
30238,2
30236,2
30233,5
29180,2
68164,5
78154,8
78155,7
33584,3
30058,5
30052,5
30054,5
92551,5
92553,2
92555,6
03110,9
92557,5
28054,5
28056,5
28052,3
92591,4
76006,5
72032,6
76001,4
76002,5
75068,7
76008,6
76009,2
34243,4
28630,4
33444,5
28638,7
91352,5
76262,9
91350,5
91356,4
76266,7
91354,10
91605,3
91604,5
91607,5
91606,7
91601,5
91602,2
98292,5
92808,4
92807,5
92804,2
92805,5
92802,1
92801,6
11201,5
11203,6
11205,2
89523,9
11209,8
11208,3
32952,4
19073,1
32951,9
32955,7
19078,4
07722,4
07724,4
07727,5
07726,5
46383,5
46385,1
10918,5
95472,1
95476,4
10310,4
10312,4
10314,5
53051,5
16428,5
93013,5
60096,8
60097,5
60090,4
60091,5
60093,4
60098,6
60099,4
30076,6
01760,4
91331,3
53589,6
33936,4
33931,4
95838,5
32141,5
38053,3
94401,4
94403,3
38058,6
94608,9
87048,2
87047,9
87043,9
44035,5
95833,3
67042,6
44039,4
07112,5
07110,2
07111,1
95835,2
29045,7
11229,3
47714,4
47715,4
47710,5
47711,5
47712,4
47713,5
48838,4
48836,3
48837,3
92120,8
92123,10
92122,5
92124,9
92127,8
92126,8
92129,4
92128,9
31064,4
32569,9
32563,5
32561,5
19440,6
32566,4
55092,6
34748,5
34741,5
34743,4
01960,8
34747,5
34746,3
08823,7
08822,7
08820,5
08827,7
08826,8
08825,7
08824,5
48047,3
08050,9
50111,7
61554,4
65619,9
61550,5
48042,4
65613,5
06468,3
55391,5
06461,2
06460,5
86326,8
77433,10
86324,6
86325,6
86322,3
86323,4
90402,5
37167,7
90405,5
32746,5
11432,6
11433,3
11436,3
11434,4
11435,4
17103,1
17104,7
17109,6
98223,7
60172,4
60171,4
60177,8
60176,4
60175,9
60174,4
60178,6
45215,6
43606,2
21817,3
80249,3
46774,4
21811,4
85361,3
80247,4
80517,5
20147,7
84092,8
84093,7
20148,8
84096,7
84097,5
84094,7
84095,5
08066,5
85033,6
85143,6
85142,9
80421,8
85140,5
08062,5
08060,4
41018,5
41011,2
41015,5
41014,2
41017,5
41016,5
29210,4
29212,4
95621,2
95628,5
08312,3
21769,5
33034,4
33035,1
33032,2
33033,3
33030,5
33031,4
02835,8
30213,5
02832,8
30215,7
30214,5
19426,4
37620,7
28031,4
28036,5
28037,8
28034,8
76063,5
76060,4
34240,6
34241,4
34242,4
76065,6
72015,7
18104,5
18103,2
18102,3
18109,5
72908,5
30075,3
30071,5
72901,5
72903,3
91335,5
72904,4
30078,9
77089,9
77088,9
77083,7
77082,10
77080,5
77086,5
95834,1
77084,8
89503,5
89502,1
89506,4
07701,4
11228,5
11226,4
89509,5
11224,1
11223,7
11221,4
55398,9
19050,5
19053,5
19054,5
19055,3
19056,8
19057,5
22303,5
22306,4
22307,4
78121,7
22308,8
22309,4
23430,5
23435,5
23434,3
94952,1
92821,4
32351,5
06076,5
06074,8
06070,5
06078,5
33146,2
21158,5
33147,4
21157,5
16441,8
33413,3
33142,4
33415,5
64089,6
64086,9
33417,3
64083,5
64082,7
64081,8
64080,7
54311,5
22932,7
75150,5
14224,4
75159,5
53074,5
70058,1
53072,5
70056,5
90210,8
70053,10
33487,1
33486,4
33484,4
33483,4
33480,4
60616,3
60617,7
60614,4
60615,7
60612,8
60613,5
60610,10
20685,5
60618,4
60619,4
10591,6
36054,4
36507,3
94553,5
37909,4
48174,4
48176,4
91106,4
48170,9
48173,4
91105,4
48178,3
67060,5
30680,6
44052,4
44053,2
44502,2
44056,7
44057,6
44054,7
44055,2
44509,4
08620,5
55403,2
92054,5
94568,9
78504,8
78503,6
78501,9
29020,5
76541,1
76543,3
76542,5
76549,5
76548,8
92109,5
92108,4
92107,5
92106,5
92105,2
92104,4
92103,2
92102,3
92101,6
34761,2
34769,3
01949,7
01940,3
01945,7
08848,5
08840,4
08844,6
08846,5
28778,5
06447,7
06443,5
61571,9
86305,1
86301,10
86303,4
32501,5
32503,3
19422,5
19425,9
32504,4
32507,2
32506,4
19428,5
97089,3
98028,7
98029,7
98026,8
97080,4
98022,5
98023,5
98020,5
97086,9
94560,5
11411,4
11412,6
11413,10
11414,4
11417,5
11418,4
11419,3
60119,7
60118,4
90680,5
48359,5
60115,2
85301,5
80220,8
85303,5
85302,5
85305,4
85304,2
80227,4
85306,2
80229,4
80228,3
02370,5
49038,4
48357,6
49031,3
20169,6
48356,5
48348,5
48346,4
45227,1
45224,1
48342,2
45223,4
48340,5
48341,2
20171,4
97225,5
97224,8
75154,4
97221,9
97220,4
97223,5
97222,5
97229,5
90026,6
90027,5
90024,4
90025,5
22026,5
45042,5
45040,4
22936,3
45044,3
10128,5
33014,5
21742,4
33016,5
21740,9
33010,1
33012,5
33013,4
63132,4
63130,1
63131,3
33018,3
63137,3
78336,3
63135,4
80911,4
80433,4
80917,5
80916,4
80915,4
80919,5
80918,4
92395,5
91405,8
41035,3
46637,5
80439,5
44314,2
77030,4
44313,4
44312,9
67230,6
44319,9
24210,10
24211,9
28012,7
62269,7
28016,5
76048,5
76049,5
30273,5
34221,5
30274,4
30277,7
30276,7
76040,9
34229,10
35173,9
07095,3
07094,7
07093,5
07090,5
91316,8
72921,5
18031,9
30097,4
30096,5
30093,5
30092,4
31328,8
31329,6
31324,8
31326,5
31322,5
91767,5
23181,9
23185,4
23188,4
15065,4
15066,6
15061,5
15063,3
15062,3
15068,3
23451,5
23453,8
41005,5
23455,5
23454,4
23456,8
27292,7
27295,6
92843,5
92840,1
39110,8
92663,7
92660,5
95817,6
95818,4
95819,4
91351,5
12771,4
32333,3
98499,3
98498,5
98444,6
98445,5
10952,5
10950,3
10956,5
10954,7
63128,5
91711,5
13152,4
43064,5
43065,8
43062,6
38135,1
43068,9
46256,3
46254,2
46250,4
55449,5
46259,4
75601,5
75605,3
75604,5
22911,4
01720,9
60586,6
60585,7
38401,5
53012,5
10603,5
10607,4
10605,4
70072,10
53018,8
70070,8
33469,4
18466,4
11954,6
33467,3
33461,4
11950,3
11953,4
33462,2
10598,3
60638,4
60639,6
60634,4
60636,1
60637,3
60630,5
60631,8
60632,9
60633,5
36527,7
36526,3
44136,4
84660,7
84663,4
48152,5
87002,8
48150,4
87004,5
48154,5
48158,3
67002,7
01430,5
18947,8
08609,1
44070,7
02635,4
02631,4
02632,5
44077,2
15650,5
98125,7
86327,8
37924,2
91101,5
37920,4
37921,5
37922,8
37923,5
19122,4
91107,2
19123,7
91104,5
91784,5
91786,5
91780,4
08902,3
19127,4
20895,3
01921,9
01923,5
06605,4
34788,4
06606,5
34787,3
34786,4
08867,3
77381,5
77382,5
92782,8
08863,4
77385,9
08861,3
77388,4
77389,10
28753,4
49548,7
28209,2
28208,2
28754,8
28205,1
28204,9
28759,9
28203,8
28202,4
11385,8
89178,7
32839,3
64034,8
32835,4
32526,4
32837,6
32836,6
19403,4
19150,1
32833,1
19152,2
96150,9
02035,5
07512,1
02030,5
02038,7
32789,5
32780,7
92595,5
32784,4
60137,4
60136,6
60134,8
60133,9
60131,6
60130,10
60139,4
20871,7
74129,2
74128,5
02359,7
80209,9
80207,9
80206,3
02351,4
80204,3
80203,5
02356,5
74127,5
98004,4
98005,3
98006,5
98007,4
98001,2
98002,5
98003,2
46001,5
98008,4
99201,5
99203,4
99202,5
99205,5
99207,5
15204,1
99208,8
65802,5
65803,5
65804,5
65807,5
97203,4
97202,1
97201,5
97206,5
12123,8
90008,6
90004,8
70714,5
90001,2
90002,1
90003,1
63110,2
63111,1
63112,9
63114,5
63116,3
63117,6
63118,1
63119,4
33073,3
33071,2
33076,4
95367,6
45205,2
45206,2
48360,5
45202,2
48363,4
84057,4
84054,4
45208,7
45209,4
45315,6
49417,4
49418,4
75070,7
01118,4
01119,3
48092,3
48093,4
48091,5
45066,4
45067,5
45068,9
45069,7
48098,5
68114,3
44333,10
68116,6
40361,4
34231,4
62246,7
62249,6
34208,4
34209,5
34202,9
34203,5
30253,4
30252,1
34207,5
78717,5
34236,5
07079,4
07078,5
07076,9
07071,5
07070,3
67217,8
67216,5
67214,1
67213,5
67212,5
67211,1
67219,1
67218,5
15042,5
15044,8
29615,10
29617,1
29611,5
73099,7
92648,5
92649,5
92860,5
92314,5
92315,5
92865,5
92311,8
32310,3
32311,4
32312,3
32643,1
32317,2
10970,5
77590,4
10977,5
06032,8
06033,6
77598,4
21113,6
21117,3
21114,8
22701,4
75442,6
77627,5
11590,4
92009,4
43040,5
11598,5
95336,5
46278,6
95330,8
94015,7
94010,6
75662,4
94019,5
90250,9
90255,6
90254,4
98021,1
33449,3
33442,5
33193,4
33445,3
33196,4
20646,5
20640,4
36541,4
60659,5
36544,5
61856,5
60652,5
60653,5
60651,5
60656,5
60657,3
60654,4
60655,5
85044,10
85042,2
85043,6
85040,3
85041,5
85048,8
48138,3
48423,5
48130,3
48420,3
48135,5
48134,4
95765,8
95762,6
02467,4
18444,6
02653,7
02657,6
02655,4
29579,8
63301,5
63303,5
29572,5
29575,9
29576,4
29577,4
33991,4
33990,5
33993,4
37763,2
78015,5
30752,6
76501,5
76502,7
76504,5
08085,6
08084,5
08087,4
08086,5
08081,4
08080,3
08083,3
11231,5
08089,4
08088,6
11235,2
02906,5
89512,8
02904,3
02905,5
02908,5
02909,2
50131,7
01907,5
01906,9
01904,4
01902,2
08889,7
08884,3
08886,8
08882,5
66083,7
60189,7
66085,4
23692,5
11023,3
66086,5
20165,5
28739,5
28731,10
28730,8
28732,7
28227,3
28226,4
06489,3
06488,8
06482,6
48051,4
06484,6
43211,5
43213,3
43212,6
43215,4
43214,4
43219,2
11368,8
11369,8
11367,2
89156,4
11365,4
11362,3
11360,9
11361,5
91506,5
32819,4
32818,4
55038,6
32812,5
32811,4
32810,5
32817,4
55033,5
32814,4
02019,4
23860,5
21208,5
21209,3
64108,1
64109,1
60487,5
60482,6
60481,5
60480,4
74107,5
74106,3
25428,7
02332,4
02339,5
25427,7
25425,7
46060,1
46062,5
46064,5
98188,2
21204,9
98065,8
97045,6
21205,2
99224,5
99223,7
02482,7
02481,4
61822,4
61820,4
61821,4
56071,2
97267,1
97266,7
90068,8
95682,7
90062,1
90066,3
90064,9
90065,3
21704,9
21703,4
21702,5
21701,6
84074,7
84075,5
84070,9
33054,5
33055,3
33056,3
48302,7
48301,5
48306,5
48307,4
03820,3
23072,6
48309,3
85705,2
85704,3
85706,3
44139,10
44138,4
44685,6
44135,2
44134,7
44137,2
40165,4
44131,8
44130,3
44133,5
44132,3
14085,5
14086,5
37686,4
68028,8
68022,9
70737,3
70739,4
14031,9
62221,7
62220,4
62223,4
92677,9
62226,8
92673,5
32505,4
78738,9
78739,8
78734,5
78735,4
78736,5
78737,5
78730,8
78731,4
78732,10
78733,10
07059,4
92672,5
07052,6
07050,3
07055,5
07054,5
92679,8
83703,5
83702,4
29902,6
83706,3
83705,5
83704,2
29909,8
83709,7
07945,4
07940,4
27701,5
27703,3
27705,4
27704,2
27707,3
76179,6
15022,5
15025,3
15024,6
29631,4
29630,5
98027,5
94521,5
39157,4
92335,4
92336,4
92337,3
92629,5
92620,9
92626,5
92627,4
92624,5
92625,4
19348,5
32669,9
19344,6
16137,5
19342,8
19343,8
06010,4
06019,7
10992,6
10990,7
94526,4
21131,5
21133,3
21136,3
43537,5
31811,7
77640,3
77642,6
43023,9
43021,9
43026,7
75647,9
46218,1
46219,4
46217,6
46214,5
17512,4
17517,5
90278,4
70037,8
90275,10
90274,9
90272,4
85281,1
85282,8
85283,5
85284,6
85286,5
33602,3
20007,5
36567,4
36561,9
80549,4
80018,5
80016,4
80017,2
80014,4
80015,5
80012,4
80013,5
80010,5
80011,4
48116,5
48442,5
48444,5
48111,8
48446,2
95212,5
48118,4
95210,4
99141,6
02673,4
63090,3
08648,5
95746,2
95747,6
95742,9
78259,8
78258,9
33426,5
78253,8
33428,3
18428,5
78250,6
78257,4
78256,8
78255,9
78254,8
01095,5
37748,5
37216,9
37217,6
37214,6
37215,5
37212,6
37742,6
37211,10
34433,4
34432,5
34431,4
34436,4
34434,4
50265,4
50266,5
03038,4
50263,6
95356,5
95355,8
95354,1
03031,3
95351,5
95350,6
02920,1
02921,8
77345,5
77346,8
80222,6
08205,4
80224,4
11003,7
28716,3
28715,8
14527,5
14526,4
28711,1
11004,4
08203,4
80226,5
38141,6
94595,9
08201,5
85308,7
07008,5
73119,3
73118,10
07009,5
73115,2
73114,1
73116,7
73110,5
73112,4
23704,2
43235,5
43232,1
43231,3
43230,5
55014,2
89138,9
89139,4
19115,5
19114,4
19116,6
19119,3
19118,3
89130,5
89131,5
89134,3
89135,3
02072,3
23803,2
23805,3
25401,9
25403,5
25404,5
27012,7
46040,4
45226,2
97068,8
98040,4
97062,5
98042,4
97060,8
98045,6
53179,7
20164,5
53172,4
19803,5
19802,5
19801,4
19807,5
19806,4
19805,8
21090,4
32129,3
32128,4
01527,4
01520,6
61801,5
61802,3
64127,2
64123,4
64128,2
64129,2
84010,4
84014,4
84015,5
75254,4
75252,4
48328,4
45249,3
45240,3
45241,3
48322,4
45243,5
45244,5
03801,4
45246,4
45247,4
44119,3
44118,5
44113,2
44112,2
44111,3
44110,1
44117,5
44116,4
49456,1
41091,9
68008,5
41094,7
68007,8
68005,5
90041,4
90042,4
90043,2
90044,2
90045,5
90046,5
90731,6
90048,4
90049,4
62206,1
14206,5
62208,5
36606,5
36604,5
36605,5
36608,4
36609,4
07030,5
78758,1
78759,4
07035,7
07036,5
07039,4
78753,6
78750,9
78751,3
78757,4
78754,6
04046,9
04043,8
40324,5
29928,1
29927,2
29926,4
29388,6
29920,2
07960,4
18020,3
23120,7
15005,6
15003,3
15001,2
48917,4
48915,1
48912,3
48911,1
48910,4
16002,5
24175,6
29651,8
29650,4
35115,8
35114,6
29657,4
55311,5
32465,5
34608,3
34609,10
34604,4
34606,4
34607,5
34601,4
34602,4
92352,5
92602,10
92603,5
92356,2
91702,5
92354,4
35801,4
35803,5
35802,4
35805,4
24588,5
35806,3
32608,4
32609,5
19320,3
32601,4
32606,5
32607,4
32605,4
98387,4
75402,5
34479,5
75407,7
33015,5
75409,4
63138,2
46184,4
98126,4
63139,3
60110,5
77662,5
30739,6
43551,5
43004,5
37027,8
43558,5
93552,4
93551,10
93550,6
93555,4
93004,5
93001,7
93003,5
63136,1
63134,3
20695,4
34652,5
85268,6
85266,4
85260,4
20601,4
20603,7
20602,3
20607,6
80031,2
80033,4
46231,3
85008,5
85009,1
46234,4
46235,1
46236,5
46237,6
46239,5
80521,4
85006,2
85007,7
80524,5
80525,6
48462,5
48461,5
78230,4
78233,8
78232,4
78239,5
95726,6
33409,5
33408,4
33407,5
33154,4
33157,4
33156,5
33403,5
33150,4
33401,1
30179,7
15632,7
78589,7
84606,6
33460,4
84604,5
84601,7
37721,5
92220,4
91941,4
32827,4
28269,6
28262,7
34450,4
34453,4
34452,6
38120,4
91724,4
38122,7
38125,4
38127,2
77498,3
73139,1
73132,9
77493,4
77494,10
73135,7
89110,4
89113,7
89115,4
89117,3
89118,5
89119,3
55076,4
19139,1
55075,3
19137,7
19136,7
19135,5
19134,1
19133,3
19132,3
19131,2
19130,2
02050,7
02052,4
02053,6
47112,5
02056,7
47111,3
47119,5
65810,6
22193,4
22192,4
22191,10
29492,7
44310,4
97005,10
97007,5
97006,7
97008,5
92014,5
92011,5
92010,7
92019,4
53158,5
67235,4
53151,8
53150,8
53154,4
21078,6
21075,6
21074,8
21076,5
12533,5
32905,4
01501,5
01507,6
06226,4
61866,4
60191,5
60190,8
60193,4
60192,5
60194,4
21219,4
21218,4
15218,4
21211,2
21210,5
21213,2
21212,2
21215,5
21214,2
21217,1
21216,2
75238,3
75232,6
75230,5
75231,2
75234,4
84037,7
43615,2
43614,2
43617,7
43616,4
43611,5
43613,2
43612,3
03862,7
25414,6
03867,4
85749,8
85748,7
14043,5
85741,4
85743,8
85742,3
85745,2
85747,8
85746,4
32219,4
48204,3
75089,6
90710,4
90712,8
68107,3
14220,5
14221,5
14223,4
37397,4
14225,5
14226,4
14227,5
14228,4
18210,5
01075,6
34223,5
20032,5
20037,8
08232,2
08234,6
02739,6
02738,5
34224,4
07018,7
07017,1
07016,5
07013,4
07011,1
07010,4
04062,3
04064,3
91390,7
29418,10
29412,7
29410,8
29414,5
07901,5
94107,5
30814,7
30813,7
29673,5
29671,10
29670,9
72301,4
55448,3
91977,5
55443,4
55442,6
55447,3
55446,5
55445,3
34668,4
34669,2
06762,5
34667,5
35824,2
08904,4
92371,1
92373,7
92374,6
08901,3
92376,4
92377,4
66102,3
66104,2
66106,2
66109,7
61109,4
61108,5
61104,1
61107,5
61101,3
61103,10
61102,2
32444,6
28104,5
28105,10
16148,5
98360,4
91311,5
93023,5
93021,3
93535,2
93534,1
93536,7
92113,1
11576,4
17552,4
17551,8
10512,4
60506,3
60504,6
60505,9
60502,10
60503,9
13421,5
60501,3
17015,5
10516,7
85249,8
10514,9
30094,4
85020,4
85021,1
85022,8
85023,9
85024,7
85027,5
85028,10
85029,2
99109,5
10028,5
10026,6
10027,6
10024,9
10025,4
10022,5
10023,7
10021,10
78218,4
78217,4
78216,5
78213,3
78212,7
78210,3
33179,5
33178,4
33173,4
33172,5
33170,3
33177,5
33176,5
33175,5
33174,4
70433,5
01569,6
70437,7
70435,8
63367,9
63366,5
63362,4
63368,8
37701,8
24018,5
24019,5
24014,8
24015,5
24017,3
24012,5
03077,3
03076,4
03079,6
48821,4
30152,4
77301,7
77302,3
77303,4
77304,6
14564,2
33823,5
11040,4
33556,5
38107,3
38106,3
91706,5
38104,8
38103,5
91701,8
62010,4
46403,3
91709,8
38109,3
38108,1
30736,6
34476,4
34475,4
34474,2
34473,3
34472,4
34471,5
34470,4
21237,3
20639,9
93704,10
93705,2
46373,5
55056,4
47130,4
15216,3
15217,5
15214,5
15215,5
15212,3
15213,2
15210,1
15211,4
12538,2
39272,5
73159,3
06907,4
97027,5
97023,5
92037,5
32164,5
19510,7
19512,7
96734,3
19518,6
32169,4
32168,4
65742,3
21050,5
21054,4
06249,9
06248,7
06241,4
01562,5
46375,4
21236,5
21234,4
21231,4
21230,1
21239,3
75211,4
75214,5
75215,8
75216,10
75217,4
75218,5
75219,4
98198,4
98199,3
03842,4
23452,4
53132,5
17057,4
17055,6
17050,5
68048,5
68046,7
60712,4
13212,4
13215,5
60714,3
13219,5
33618,3
33619,5
44203,5
33617,5
33614,4
14450,5
33612,2
33613,4
18235,1
33611,4
20010,4
20011,5
20016,5
20017,5
20018,5
20019,4
08865,6
92841,4
02719,5
08742,4
08215,6
84414,3
92661,9
04009,6
04005,3
34251,2
99645,4
71115,5
71112,3
71111,10
71118,5
30830,4
29697,6
29690,5
95070,5
37115,2
34135,2
78209,4
91911,7
91910,6
91913,1
91915,8
72364,2
07924,4
07922,7
07921,8
07920,5
23168,5
07928,3
06525,5
77518,4
77515,5
77511,8
77510,4
55421,5
55420,3
55423,2
55422,2
55427,6
55426,5
55429,5
55428,1
28120,6
98349,7
02026,4
93041,3
07436,5
02151,5
07430,6
20747,8
02152,4
93420,5
07438,6
60525,4
60526,4
60527,5
60521,5
60523,9
83669,3
85226,8
85224,10
85225,5
33616,5
46410,4
46142,4
46143,5
46140,4
33615,4
45140,6
33610,2
36093,6
36092,6
10003,9
23060,8
70458,4
70452,5
63389,4
63385,7
63383,6
75007,7
75006,5
75001,6
75002,10
02818,4
75009,9
84310,5
08550,5
08009,4
08008,5
08005,4
08004,3
03055,6
08558,8
03053,8
03051,5
08002,4
92833,10
30134,6
30135,4
78634,6
78633,5
33803,4
33801,9
33805,5
37854,5
33809,4
14580,4
27525,5
27524,4
27527,4
91761,6
91766,2
02368,5
91764,2
91765,4
62034,4
62035,3
91768,6
27529,4
02364,6
44444,5
31401,3
31405,4
31404,6
31407,4
31406,7
93720,4
02895,5
02896,6
02891,4
93726,5
07601,4
61603,1
61607,4
61604,2
28806,7
28805,8
28804,4
28803,3
28801,5
02093,6
47150,4
23314,4
15238,4
15239,5
15234,5
15235,4
15236,4
15237,5
92583,2
92582,4
92587,6
92586,5
73179,6
92584,7
92234,7
92236,3
73170,10
92058,4
60957,6
45211,5
92057,4
92056,2
19533,7
21030,5
19530,8
21035,4
21037,5
01545,6
22046,4
22041,4
01810,4
12189,4
12188,5
65721,7
12182,5
12180,8
46356,4
21788,4
21787,5
49127,5
21784,4
21783,8
49120,4
01609,4
01602,2
01603,4
01604,4
01605,4
01606,5
79928,6
79922,5
79927,6
79924,7
79925,5
11726,7
11727,4
11725,5
11722,3
11720,4
11721,4
11729,4
97405,5
97404,5
28792,6
97401,5
97402,4
14006,5
20782,3
20783,5
20784,4
20785,3
17070,4
28791,8
90755,8
33328,4
33322,4
33321,3
33326,4
33327,4
33324,5
33325,4
77015,5
02771,7
44601,8
02777,5
98272,5
98271,2
98270,3
18013,5
90230,3
29325,5
29456,7
29455,4
95138,7
29323,8
29322,8
33634,3
33635,5
33637,5
78404,5
33830,4
76118,9
76119,1
76116,1
76117,1
76114,4
76112,4
76110,5
76111,7
95050,5
95051,4
14127,5
37130,3
37135,7
32909,7
37138,5
32908,4
06890,4
90018,7
34119,4
06897,4
34114,4
34116,4
34117,3
34110,4
91773,1
34112,5
34113,5
32277,4
33463,6
32904,5
91775,4
14120,4
32907,3
62025,4
16033,7
62024,4
19023,2
23141,5
06095,4
22546,6
77539,2
77532,5
77531,5
77530,7
77536,8
32408,5
32409,4
91935,5
91932,5
55408,2
55407,2
55406,1
55405,2
32404,5
32405,8
55401,3
32407,3
37033,5
14456,4
33064,5
02171,5
07410,2
07417,7
07416,5
93065,3
11530,5
93063,5
93060,4
60542,5
60543,5
60540,3
32533,3
60546,4
60544,7
60545,5
60548,7
85208,6
32534,4
46163,4
85201,6
85202,6
85203,1
46168,8
85205,4
85206,5
85207,10
98321,3
98327,7
98329,6
98328,4
27344,3
91914,9
02540,4
32536,4
06260,5
97361,4
10065,10
63019,5
63017,5
63016,5
63011,4
63010,5
63012,7
33139,4
33138,4
33137,7
33135,3
33134,5
33133,4
33132,4
33131,3
33130,1
46835,4
75023,5
75022,8
75025,5
75024,4
92870,5
75028,4
01013,4
48198,8
48197,4
48195,5
48193,4
48192,5
20708,4
08028,4
63069,4
08530,5
08533,5
64012,5
08536,4
14618,4
14617,5
14616,6
14610,2
64015,6
20194,3
79121,7
20191,5
20878,8
79124,8
38671,7
38672,10
13027,5
70471,9
30114,7
30115,6
30116,5
30117,6
78613,8
78610,7
47630,4
33868,4
18062,8
33860,4
37830,5
20707,5
18067,4
18064,7
91748,3
27502,5
27504,4
62052,5
91741,4
91744,4
94513,5
91030,3
83646,4
83644,6
83642,7
29841,4
07624,9
07626,7
07621,4
51534,5
47170,4
47172,4
72758,5
72756,10
72751,5
72753,5
12572,5
12570,7
12571,5
39232,7
92211,5
35749,5
19083,4
19082,3
55364,5
19087,3
19086,5
19085,5
16508,5
16506,5
32217,4
32216,6
32211,2
16502,1
55369,6
61080,10
92075,5
92071,5
92078,4
65706,4
21015,10
21014,3
21012,5
01832,4
01830,6
22066,5
01835,5
06281,4
77705,2
77706,6
77707,4
12508,7
21901,4
21903,4
49107,2
49106,4
03885,7
79902,3
79903,3
79904,1
79907,3
93306,6
93307,4
93304,4
93305,4
91387,7
11709,7
11704,7
11706,5
11701,5
11702,7
11703,6
97426,5
97424,7
96821,5
96822,7
96825,9
96826,3
60025,5
64075,5
60021,9
60020,8
60022,5
17013,5
20764,7
17011,5
64078,8
64079,9
80138,7
53714,5
80135,4
80134,5
80130,8
80132,8
48504,1
48505,4
48506,3
48507,5
48503,2
62285,5
48509,4
01060,5
68135,7
08701,5
75093,5
97304,6
70114,3
70115,4
71037,4
70116,2
70117,5
10541,5
10543,5
53532,5
85326,6
10549,4
34293,4
29303,4
29302,2
29301,5
29307,4
29306,5
33301,4
33304,4
33305,5
33308,4
33309,4
18901,4
94110,9
18902,7
30650,7
30309,4
30656,5
30655,6
30305,6
15085,5
15084,3
76426,3
95032,4
95033,8
44087,4
44081,7
95037,5
95035,5
44089,5
91789,4
06708,3
02155,4
06878,9
06877,5
06704,2
06705,3
06706,4
92688,5
40508,2
40509,9
40504,5
40505,2
92683,5
40502,4
40503,4
28304,2
28305,7
28306,5
28301,3
28303,5
24504,3
93510,5
24502,5
24503,4
24501,5
76134,2
76135,2
72103,5
76137,6
76131,7
76132,4
76133,5
90605,3
77551,5
77550,3
53555,5
11510,4
35080,10
28164,7
28166,2
10520,7
34684,5
34685,4
34683,4
34688,4
34689,3
35226,5
35223,9
35222,4
11550,7
11553,3
11552,4
11554,8
11557,5
11558,5
43082,5
10528,6
43085,9
02118,5
91306,4
07470,9
02116,1
60560,6
60561,4
60563,5
60564,5
60565,4
32174,4
46106,4
32176,4
27360,6
85083,9
19945,6
85086,9
85087,5
85085,8
97302,5
97303,4
97301,5
97306,5
17241,6
97305,5
53704,3
53705,5
36856,4
63038,5
63033,3
63031,4
06604,5
45459,4
45458,3
45106,5
45103,8
45102,5
85120,1
44278,3
85629,7
46818,5
46814,5
46815,2
75048,7
92780,4
75041,5
68147,4
68144,5
75042,6
75044,6
44202,4
90650,5
77384,3
77386,9
44410,9
79108,4
79109,1
79102,5
79106,5
38654,10
18040,6
18042,4
33844,4
33843,4
18045,5
18049,3
78676,5
94536,1
91010,4
94531,8
94538,5
94539,4
27560,8
08043,5
08514,4
08512,5
08046,5
08049,5
08048,4
29829,4
08518,3
07642,5
07646,5
07644,1
07645,5
07869,5
76092,7
31220,4
01007,5
29170,5
74948,5
12550,1
12553,4
12803,6
54313,5
72730,5
28207,5
39211,1
39212,4
92277,6
35761,8
35763,4
32233,7
55345,3
55346,7
55347,8
55343,2
06119,9
06118,9
06114,3
06117,4
06111,4
06110,5
73065,8
73064,5
22003,5
01852,2
73069,9
01854,3
17363,6
01001,6
98466,5
98467,5
11518,5
11768,7
11769,6
11762,7
11763,5
11766,9
11767,9
11764,7
20744,4
97448,5
20746,3
17033,4
20740,3
17036,7
20743,5
20748,2
60002,4
60007,4
08322,6
60005,5
60004,4
64055,5
64056,6
60008,4
64050,4
64052,3
80118,6
46311,4
46310,3
80113,4
80112,4
80111,5
80110,2
46319,4
99518,5
99515,7
99517,4
99516,9
96814,5
44647,9
44646,5
08722,3
08723,5
08724,5
44641,7
92656,4
92879,7
91423,4
29360,4
70808,3
70809,5
10567,5
10566,5
19154,6
29369,5
70806,5
16510,5
24153,3
19151,4
18929,10
19401,4
32832,6
18925,9
30329,5
30328,4
30327,4
30324,5
32304,4
95014,9
37174,9
37172,3
37179,8
29582,8
29588,3
24521,9
24522,5
24523,4
91103,4
07981,3
94947,4
94941,9
72120,4
77573,8
77571,6
55110,4
55113,2
55112,5
55117,3
55116,5
55119,5
55118,1
06854,5
91208,7
06850,3
06851,4
91206,4
76227,7
35206,1
35205,4
35209,4
35208,3
07457,7
02136,5
02135,2
02132,2
02131,8
02130,3
11577,9
97209,8
11575,3
11572,5
11570,4
93436,2
19380,4
19382,4
74008,7
97140,9
46122,3
46123,7
98671,5
22015,4
33626,4
91740,3
19968,7
19966,6
32003,4
98580,6
06320,4
12009,8
63051,4
63050,5
63052,9
84119,1
84118,4
84117,5
84116,6
84115,1
75067,4
75065,5
49319,5
75063,10
75062,4
75061,4
75060,6
49316,5
75069,10
49315,5
10710,3
70128,5
70125,3
70124,5
70127,4
70126,5
70123,4
70122,2
78382,5
38632,9
38637,5
13066,4
13069,6
44256,5
33534,3
48045,4
48044,4
27545,2
94551,4
48040,5
48043,4
27540,8
62095,3
27549,9
67114,3
67110,5
87112,8
87113,7
87110,3
87111,5
87114,5
08069,2
08068,3
29801,4
08065,4
29803,4
83607,4
83605,3
23518,3
07849,5
85323,5
07663,6
07840,8
07666,4
07843,5
27608,4
27609,5
95831,3
27603,9
27604,5
27606,8
27607,1
78653,5
31206,2
31204,1
08007,4
72712,10
03054,5
72714,9
76210,8
72719,7
29860,4
12477,5
93727,7
12822,5
95209,7
95204,6
95207,6
95206,2
92253,5
92252,5
55328,9
99206,5
28645,7
01876,4
22025,7
01879,5
77036,2
77034,4
77035,4
77033,5
73045,5
73044,5
77038,3
32250,4
32254,4
32257,7
32256,5
32259,10
32258,5
98118,4
98119,7
98116,5
98117,8
98446,6
98115,4
98112,5
90804,3
90805,4
90806,6
90807,9
90802,6
90803,8
90808,8
11741,7
11742,4
11743,4
11746,8
11747,7
19146,3
71105,1
20723,5
20720,4
20721,4
71106,2
20724,6
60069,10
60068,3
60061,5
60060,8
64030,5
60062,5
60067,2
18229,5
48238,3
48239,1
48236,4
48237,3
48234,3
48235,4
48230,5
02790,5
12211,5
77067,3
70820,1
10509,5
29349,6
53575,5
10504,5
10506,4
18940,4
18944,6
37377,8
37379,4
24179,5
04084,2
04086,6
91762,3
91763,5
11942,7
27526,6
18360,7
27520,6
28348,5
14468,5
11101,6
30341,4
30340,3
30342,4
30345,8
30344,4
30349,4
76177,6
23664,4
35045,4
35040,5
35043,4
89015,8
89014,4
89012,4
06830,4
06831,4
07302,5
07307,7
07306,5
07305,5
07304,3
19021,6
23707,1
23701,4
23703,5
23702,4
15332,4
48840,4
48843,4
48842,4
74021,7
97123,5
97124,7
97128,3
06880,5
91901,7
48362,4
32068,3
12020,5
32063,4
32065,3
01460,5
01462,3
63077,1
63074,4
63070,6
49083,5
93722,3
49085,5
45410,3
45415,2
45414,3
45417,2
45419,9
02893,4
49331,4
49333,4
68106,1
75088,7
68104,5
68105,3
01077,3
75087,8
75081,1
75080,5
75082,8
94109,4
60477,5
60475,5
60473,2
60471,9
60478,4
38611,5
47620,5
13088,4
36109,5
02474,4
44236,5
36107,4
36106,5
33559,4
33558,8
33881,5
33880,4
33884,4
48062,5
48060,5
48067,5
48066,5
48065,3
94577,5
33567,3
07828,8
07823,6
07821,5
07826,6
07827,7
07825,5
15108,5
15106,5
02090,4
15102,4
30281,5
15101,5
29130,5
39564,4
39565,8
39562,3
39560,5
46530,4
18080,4
78109,7
78108,6
18088,5
22554,4
12590,5
48094,4
76234,3
06082,2
92509,6
92508,8
92503,5
92501,1
92507,10
92506,1
92505,1
92504,8
02814,1
02816,5
28083,2
23061,5
28081,4
02813,7
66224,5
66226,8
66221,5
66220,4
66223,5
01890,5
77018,5
77019,4
77014,2
73020,2
77016,5
77017,4
73025,9
73026,8
93105,5
93101,4
93103,3
93108,4
55301,8
55303,2
55304,9
55305,8
55306,4
55308,4
55309,6
19027,4
19026,4
32901,4
19020,4
32903,4
46032,5
17349,3
98422,5
98424,5
60047,4
60046,10
60045,3
60044,7
64014,5
60042,7
60041,6
20879,5
20876,6
20877,1
20874,4
20872,7
20705,6
20706,4
60048,5
08690,4
98136,4
98133,1
90280,2
53089,8
53086,5
17406,7
97487,6
53225,5
53224,4
53227,5
53226,2
53221,4
53220,4
53223,4
53222,3
74132,5
53558,3
18969,8
18966,9
18964,9
37421,5
18960,4
48214,4
48212,2
48213,1
48219,2
90638,5
40218,5
40219,4
40214,4
40215,1
40216,5
40217,5
40210,7
40211,5
40212,5
40213,5
33947,4
54025,5
54022,5
28411,5
28412,4
91001,5
33948,5
94901,5
94903,5
74137,4
34994,4
34996,4
34997,6
34990,4
30360,3
35068,3
53235,5
89032,3
89031,6
89030,4
33713,3
91006,2
06810,1
06811,6
06812,7
33711,7
66053,8
23238,5
23231,5
23233,7
23235,5
23234,2
23237,5
23236,4
15317,7
48864,4
91040,4
21032,4
94080,4
35244,8
35243,9
35242,5
39042,6
39047,2
39046,8
32736,3
16201,5
32043,4
32738,5
12047,7
06360,9
77469,5
06365,6
24101,7
22043,8
49534,5
85392,8
85390,5
22042,3
85396,6
01930,5
85395,9
98092,5
24104,4
33773,5
45439,5
45434,7
45432,5
45431,6
17408,5
17404,5
68123,7
68124,4
17403,2
17402,4
60458,7
60459,8
90631,5
90630,5
60455,4
60457,4
60450,5
60451,10
60452,4
60453,4
11803,5
33712,3
11801,4
33710,5
33714,4
20115,4
20111,4
20110,3
20112,6
85641,10
85132,5
02459,3
44212,7
44216,6
85139,3
70785,7
48001,4
27587,9
29732,7
48009,5
29730,5
95650,1
15126,5
76039,4
34292,4
15122,4
76034,4
76036,4
76031,3
15129,4
76033,5
33576,5
33573,3
33572,4
33570,4
78163,5
33579,4
33578,3
76258,3
30004,9
30005,5
30002,8
12866,5
72202,8
72206,3
72207,3
72204,4
30009,5
95240,2
92563,8
92562,8
07801,6
02871,4
02874,9
23005,3
66203,5
66202,3
02878,7
02879,4
66207,5
66206,5
66205,5
66204,4
08318,5
28609,5
28601,6
28602,9
95864,6
73003,9
73008,5
77079,5
77072,1
77073,1
77070,5
77071,3
77077,8
77074,7
77075,7
19008,8
19003,5
32922,5
19001,1
32920,4
19007,4
32926,3
19004,7
60201,5
60202,4
11784,5
11787,8
11780,7
11782,7
11783,4
15120,2
11788,5
34291,4
65781,6
44471,5
80602,4
80601,5
98404,2
98405,2
98406,7
98155,7
98408,2
98409,2
53110,4
11377,9
99577,9
33974,3
16415,6
95409,8
16412,7
95403,2
95401,2
95407,4
95404,4
92869,3
20854,5
20855,5
20850,4
20852,5
20853,4
53202,3
53207,4
19148,5
53209,1
32829,8
32826,4
19147,8
91436,8
19144,5
75126,7
32825,5
19142,3
37406,7
37405,4
37404,3
45356,6
19140,1
92867,5
80863,4
40059,7
44001,5
08691,8
19363,6
22172,3
13126,4
78577,5
78574,6
78572,10
78573,5
40272,4
18328,5
28470,4
33966,3
33967,5
94928,3
91406,7
38004,8
38002,9
91402,5
91401,9
94920,5
74136,5
89052,5
72209,1
91024,6
29070,5
29073,8
29072,7
29078,6
47725,4
02190,5
47720,5
66071,5
30008,4
72205,8
23875,8
95242,1
35005,4
35004,6
31032,6
95380,2
95382,8
74063,5
74066,4
06037,5
34714,4
34715,5
34711,4
32714,4
32712,9
32713,5
06340,3
06437,8
97381,5
12061,7
12065,5
46825,4
77441,9
77447,7
77449,7
49519,3
49048,8
49046,5
49047,4
49512,4
46725,5
21666,2
64119,4
93444,7
43119,5
93442,8
43113,5
43110,5
93449,7
46544,3
46545,5
64112,4
60438,4
60439,6
60432,2
60433,2
60430,4
60431,4
60436,3
60435,3
53925,5
48390,5
20136,6
85118,5
45015,4
48026,3
48025,2
04103,5
45011,3
04105,10
48021,4
04107,5
41048,7
99037,1
95678,5
29710,5
95677,8
95670,6
29715,10
37090,6
33770,7
73072,4
33772,5
33774,4
33777,4
85331,5
78362,4
15143,5
76018,9
15146,3
15147,4
15145,4
76013,4
76012,5
76010,3
76017,5
76016,8
76014,3
39520,6
27028,9
48879,5
33598,5
33594,5
33596,4
29851,4
30028,8
30024,8
30025,5
73071,3
30022,9
50314,1
50315,2
50316,1
50317,2
03109,3
50311,5
50312,1
50313,3
03104,5
92545,3
92544,1
92543,10
03103,5
03102,4
02852,5
02857,6
28625,2
72956,4
91367,5
91364,5
72223,5
91362,8
91360,7
91361,3
95843,9
77051,5
77053,3
77054,5
77055,10
77056,9
77057,2
77058,5
77059,5
19061,4
32940,9
19063,5
19064,4
19067,3
07757,8
07750,7
07751,9
07753,4
61065,4
60089,9
60083,4
60081,7
60087,2
60085,5
60084,5
98178,4
10901,5
98177,6
10309,3
10308,5
10307,7
10306,10
10305,4
10304,4
10303,4
53040,5
10301,3
20832,4
53593,3
53590,4
53597,8
98296,9
22968,3
75104,9
01757,5
01752,3
22963,3
98290,5
45371,5
45373,7
45377,4
44028,7
44023,10
44022,7
44024,4
14150,4
13104,9
33441,3
18301,4
33908,3
33909,5
19002,5
33903,5
33901,3
38028,4
33907,1
33904,5
33905,3
32927,3
87059,5
19006,1
08104,2
08105,5
08106,4
08107,4
40071,5
08103,4
92706,8
08108,4
08109,5
07103,6
91754,4
07105,4
07104,2
07107,3
07106,3
07109,5
07108,1
89074,8
91750,5
29053,2
29054,5
40258,5
32708,5
66012,3
30907,8
36542,7
34482,4
34480,5
34481,5
48827,3
48823,5
34488,4
48820,5
92154,6
31052,8
35023,3
35022,5
35020,3
55082,9
06351,5
19475,7
19473,6
32550,5
31419,3
34736,3
34737,5
34731,3
08816,7
08817,4
08812,6
32778,4
32779,4
48317,4
32773,4
32771,8
32776,4
61548,7
06418,4
06419,6
06415,4
06416,4
06410,1
06413,4
77429,9
86336,2
86333,4
21826,4
43130,4
43138,8
11429,3
11428,7
32086,4
93460,7
32080,5
32081,10
32082,4
11421,5
11420,3
11423,3
11422,5
11427,3
11426,4
17113,2
17112,2
17111,4
17110,5
60410,5
60411,4
60142,8
60143,4
60140,6
60417,4
60419,5
60148,4
53901,5
49065,2
85355,6
85353,10
20151,5
84088,5
20152,8
20155,8
84081,4
84084,7
84087,8
44703,8
44706,1
44705,1
44708,8
44709,2
46561,4
92705,5
45030,5
45036,6
45039,6
10466,4
10467,5
10465,5
10462,6
10463,4
10461,3
99016,5
10468,3
10469,5
63143,5
63141,8
63146,5
63144,4
95610,5
33029,5
33028,4
33759,4
33025,1
33024,5
33027,4
33026,4
37072,4
37073,5
33023,5
30228,4
30224,5
30223,2
20912,5
39501,5
39503,1
39507,4
37618,4
37617,5
30043,7
30040,8
30041,4
30046,4
30047,5
30044,9
30045,8
06096,4
28021,2
28023,5
28025,8
28027,3
72022,6
72023,9
76078,4
91344,6
91340,2
91342,3
91343,2
95829,10
35611,6
35613,5
17362,7
31312,9
95821,1
95820,5
95823,4
95822,4
95825,1
92835,8
95826,4
11210,3
11211,5
11217,2
11214,5
11215,5
11218,6
93619,9
07739,5
19047,4
07733,5
07730,4
19044,4
07734,2
07735,4
15241,2
22312,5
22315,6
12563,7
74133,4
63304,4
35759,8
32401,5
08003,8
92596,6
06067,7
06066,5
06062,5
28146,6
28147,5
10927,4
92592,5
10925,6
10924,4
17327,7
95448,7
53066,6
21144,5
21146,4
37766,1
20814,3
20815,3
20816,4
20817,9
90620,3
90621,4
01776,4
22947,3
01770,8
01772,10
01778,9
94062,4
75160,4
75165,4
60605,4
60607,4
60609,8
60608,9
36066,5
10580,5
10583,4
10589,4
33920,4
33922,5
78539,10
37919,4
37918,4
33928,4
37914,5
37917,4
37912,5
02176,3
92411,3
92410,3
87031,4
98407,9
44515,5
44514,5
02601,4
44044,5
40014,7
07419,6
95377,8
95376,4
29033,6
29527,3
29526,7
29036,9
53208,2
15401,3
33431,4
92130,9
92131,5
92139,3
91801,1
78957,5
34758,3
34759,4
01970,6
50125,7
08835,3
08837,10
08830,4
08831,8
08833,5
66030,8
67203,2
06385,3
06382,5
77407,9
77406,8
06478,7
06479,6
77401,4
06473,3
06470,7
06471,5
06477,5
22124,5
06475,4
01550,5
86314,7
19454,4
32570,4
32571,5
32578,5
32579,5
98038,5
98034,5
98037,5
98036,4
98031,7
98030,4
98033,5
98032,6
32750,5
32751,5
32754,5
32757,5
93401,4
93402,5
93405,5
46164,4
85209,6
98252,5
60169,9
60164,3
60160,4
85374,3
02382,5
85373,7
85379,5
49002,4
21801,5
49001,4
49006,3
49007,4
49004,4
49008,4
49009,5
45239,3
45238,1
85204,2
45237,3
45236,5
45231,2
45230,4
45233,7
20170,5
77365,5
44720,4
44721,6
90035,4
90034,5
90037,7
90036,4
90032,2
45050,5
41001,6
90039,3
45056,5
95630,10
29203,1
95632,5
29201,3
29206,5
29204,5
29205,5
11021,4
29209,4
63129,5
37055,5
21774,8
21771,4
63121,3
63123,5
63122,5
63125,5
63124,5
63126,5
33009,2
99026,6
33004,4
80924,4
80922,5
80923,3
80920,5
80921,4
40356,5
44483,1
24201,5
24202,5
44485,2
08540,4
30204,5
34233,5
34232,7
34235,5
34234,4
34237,5
76058,6
34239,5
34238,3
72002,8
76054,8
76053,7
76052,7
76051,5
35180,7
33704,4
33705,3
30060,5
30062,6
30064,5
30066,7
30067,5
30068,4
91320,8
91321,8
91326,10
91324,4
91325,5
06480,7
90503,4
11238,3
07712,5
07716,5
11230,7
07719,9
11233,7
11234,10
89511,8
11236,8
55386,6
55387,2
44147,5
34286,3
92675,5
77095,8
77096,5
77090,9
77091,4
77092,3
77093,4
93311,6
77098,4
77099,5
93312,7
32327,5
06042,5
06040,4
10941,4
10940,5
11364,5
28479,4
91504,4
43074,5
43076,8
46241,1
46240,3
75142,3
75146,3
75149,6
94044,4
53005,5
70043,7
33496,9
33498,7
91403,7
60623,2
60622,8
60621,2
60620,7
60626,4
60625,4
60629,4
60628,2
20770,2
16125,5
33563,3
16127,5
33565,4
94550,5
37938,5
37932,7
37931,5
18612,8
37934,5
38068,2
48167,4
48164,5
48160,3
33569,5
38060,3
04530,4
48168,5
48169,5
67010,5
08638,4
44067,6
40031,3
44060,4
80538,4
15644,6
15642,7
29016,10
40291,4
40383,4
40299,2
91792,6
91791,4
91790,7
76550,4
92118,4
92119,8
92110,8
92111,1
03087,9
92114,2
92115,5
92116,7
92117,5
34771,5
34772,3
34773,5
01950,5
01952,4
77396,5
08859,6
08852,8
08850,4
08857,4
08854,1
06450,4
06451,5
22102,4
06905,6
06902,5
06903,5
06457,5
66216,5
89169,2
32514,4
19438,5
93240,3
98019,5
98012,4
98011,4
98014,5
02025,3
96146,9
96145,5
07506,5
07501,3
93422,6
07502,2
07508,4
93428,7
65622,4
60108,6
60102,8
60103,4
60101,4
60106,5
60107,5
60104,4
80232,2
80233,4
85310,8
80231,6
80237,7
80234,3
80238,6
80239,6
74105,4
02360,2
74104,5
46038,5
46036,3
46037,5
49022,4
49024,5
46033,4
45213,6
45212,6
48371,2
48377,5
45216,7
48375,5
48374,4
80537,6
97236,9
98275,4
97233,4
97230,4
97231,6
97239,6
90011,4
90016,5
90019,1
70706,5
29229,3
63105,5
63104,3
63103,1
29223,4
63109,4
63108,4
33060,4
33063,4
33062,5
33065,4
37037,8
33067,4
33066,4
33069,4
33068,4
84045,7
84044,2
84047,3
84041,4
84040,4
84043,7
80908,4
80909,5
80904,5
80905,4
80906,5
80907,8
80903,4
01106,4
01104,4
01109,1
01108,1
48080,4
48083,4
48082,3
48085,4
08022,7
08021,5
44306,3
44305,3
44303,5
44301,5
29485,6
67220,3
67226,9
29483,6
92646,4
07882,5
07885,4
30263,4
30260,9
34219,5
30265,9
34217,5
30268,3
30269,8
34212,5
34211,5
34210,5
78704,1
92647,8
91770,4
78703,4
78702,5
32953,4
07080,4
07081,4
07083,4
07086,5
07087,4
91301,8
91302,4
91304,4
72936,9
91307,5
16511,5
30088,4
30087,5
30084,5
14612,2
30082,3
30083,7
30080,5
35007,7
93657,7
15074,4
15071,8
77047,8
77045,4
27284,7
77044,2
92392,3
92653,5
92651,4
92657,9
92308,6
73089,7
91776,4
92307,1
92301,5
73080,5
90242,4
32305,5
32656,4
32303,5
33647,4
32653,4
32309,5
32308,2
90241,2
92399,7
06029,6
10965,9
10960,3
64701,4
60827,5
21102,8
21108,5
22712,6
77611,6
77619,9
43056,5
43055,6
43054,3
23693,5
46260,4
19015,4
46268,2
07740,4
22901,4
22902,4
22903,2
32931,4
70065,4
90220,1
90221,3
90222,1
94022,5
70068,5
94025,4
53029,5
80205,6
53027,7
53024,5
53022,4
33478,4
11949,4
11946,4
33472,8
33470,6
90069,4
60649,8
36535,5
36530,4
36532,5
60641,5
60640,2
60643,3
60642,9
60645,8
60644,5
60647,5
60646,4
85051,1
85050,10
85053,9
36022,4
48146,4
48141,2
08610,5
08611,4
67037,5
08618,2
08619,6
02649,6
02648,4
02642,8
02645,6
91745,1
15668,8
91746,5
15666,4
29569,5
29568,5
29566,5
37774,8
37777,5
37771,8
37772,5
78064,4
78063,1
30741,5
76574,5
12498,6
76571,7
95307,1
01420,2
97383,4
02911,4
02910,5
02915,1
02917,4
02919,4
06610,4
06611,7
06614,4
06615,3
01938,6
08872,4
08873,9
77379,8
77378,5
08876,5
77375,8
08879,5
77377,9
77373,4
77372,7
28748,3
28216,6
28214,5
28215,10
28212,4
28213,5
28210,3
28211,3
34690,4
48304,4
93463,7
86351,4
89143,6
89142,8
89141,4
92270,5
89147,5
89146,5
89145,4
89144,4
11375,5
11374,5
89149,5
89148,3
11373,2
11372,6
32539,6
32828,4
19149,4
55025,6
55024,4
32824,5
19145,3
32822,5
19143,3
32820,4
19141,1
92585,4
07522,3
32796,3
92694,5
32792,4
92692,10
61525,9
61523,6
60120,5
60123,4
60124,8
64118,6
60126,5
64114,4
64117,5
64116,4
64111,1
64110,1
64113,9
84651,3
25438,7
02346,3
02347,6
80218,4
80219,3
46016,1
46011,3
46012,5
46013,3
80210,4
80211,3
80212,3
80214,5
80215,4
74134,5
74135,10
98070,5
98072,5
98075,9
98074,8
98077,7
99212,5
99216,6
99217,4
97218,3
97219,5
97215,6
97216,5
97217,5
97210,4
97211,5
97212,5
97213,5
70726,9
90077,5
21842,4
37013,5
37015,5
48310,4
48313,5
48312,4
48315,4
48314,4
03833,5
48316,4
84062,5
84067,4
84065,5
14094,8
14092,5
49401,5
08401,2
08402,7
44320,2
44321,6
08406,6
62258,5
79015,8
62254,4
11968,5
30248,5
30534,5
78261,8
80020,4
78723,2
30187,7
78727,4
78726,5
78729,6
78728,4
07066,4
07067,5
07065,4
07062,2
07063,4
07060,2
93446,4
67204,2
67205,9
67206,3
67207,4
67208,4
67209,3
23605,6
23606,4
23607,3
23601,5
23602,5
23608,2
07208,4
76180,7
76182,5
07202,2
07203,4
07206,4
07204,5
07205,5
15057,9
29607,8
35146,8
29605,1
29601,7
29609,3
23462,5
23464,5
34637,3
34639,4
34638,8
80221,2
92630,5
92325,4
92324,2
19350,7
19609,5
19608,6
19355,7
19605,3
19604,3
19607,5
19606,5
19601,2
19602,5
06002,5
06001,5
35748,7
77586,8
77584,7
92210,8
10989,7
77583,3
77581,8
10980,4
60803,3
60805,4
60804,4
21128,4
21122,4
21120,5
55362,8
75454,8
32218,5
31804,7
16509,4
77630,5
31808,7
77632,4
43528,7
11580,5
11581,8
43031,6
37757,4
43035,8
16057,6
46208,4
16504,5
75180,4
75181,6
46201,8
46203,2
46202,5
46205,6
75189,7
32210,2
78003,6
17522,7
70002,3
70003,7
90240,7
70001,4
70006,3
90247,3
70005,5
90249,4
85297,6
85296,9
85295,8
85298,9
33189,3
33182,4
33183,5
33180,4
33181,5
33186,5
33187,5
33184,5
33185,4
60660,5
20657,6
36551,5
80005,4
80004,1
80007,8
80003,4
80002,1
48430,5
37076,4
48433,3
84655,4
48439,4
99156,5
34950,4
34951,4
34952,4
34953,3
48127,2
48125,1
02667,5
02664,4
95757,8
02660,4
95758,5
33455,4
11967,3
11961,4
11963,4
78266,7
95366,4
33458,4
61008,4
78260,8
92407,5
15601,4
30184,6
30183,6
92404,1
30180,8
30189,8
30188,8
33982,5
33983,7
33980,4
33981,4
37209,4
37208,1
37205,4
37204,3
37207,2
37206,7
78006,10
37203,5
76513,5
08096,5
95363,2
08094,3
95361,2
08092,6
08093,5
08090,6
92405,2
08098,6
37415,4
50273,5
01913,4
01915,5
20132,8
77357,3
77356,7
77355,7
77354,5
14513,4
11030,4
94587,1
94583,5
94582,8
28721,5
94588,4
29907,5
29906,5
43201,3
43206,4
43207,2
43204,2
43205,6
43209,2
01748,8
32804,9
89128,3
32806,5
11358,7
32801,3
32803,4
89121,2
89120,4
89123,5
89122,4
32808,4
11356,3
11355,10
11354,6
55008,7
02061,5
02062,5
02067,3
02066,7
06492,3
27127,5
64138,4
25413,5
60490,7
64132,1
64131,1
64130,1
64137,4
25419,3
64134,5
74110,2
74447,6
74112,6
74114,5
74115,1
02324,6
46077,9
46074,5
46075,9
98059,5
98058,5
97056,4
98056,4
98055,1
97055,6
98053,9
98052,5
97051,8
53181,4
53186,9
45014,4
53188,5
53189,7
04102,5
32117,5
32114,4
32110,5
41042,4
02492,4
02493,4
32118,4
32119,4
12110,4
45013,5
12118,4
95691,4
95695,5
40067,5
21244,4
21713,8
21716,7
75243,3
75241,2
75240,5
84005,5
75244,9
75249,6
75248,4
48336,4
45255,9
48334,4
45251,5
85716,5
85715,5
85712,5
85713,2
44128,3
44129,3
44126,4
44124,5
44125,5
44122,1
44123,3
44120,1
44121,5
46628,5
49428,4
14075,4
49426,4
49423,5
94611,5
94619,2
49103,4
90720,4
90723,4
90059,3
14215,1
14217,5
62232,5
30518,9
30519,9
94806,5
12518,8
36613,5
36619,5
36618,1
78749,5
78748,4
07047,1
07040,7
07042,3
07043,4
78741,6
78745,1
78744,3
78747,3
78746,4
33771,3
18510,5
29910,6
83714,5
83716,4
83712,4
83713,5
23662,5
23663,1
23661,5
23666,7
07950,5
33776,5
27712,4
27713,4
33778,3
35120,6
35126,5
35127,4
35124,4
35125,1
29624,3
29625,3
35128,5
29627,5
29621,7
34613,3
34610,5
34614,4
92342,2
92345,9
92344,6
92346,7
92618,9
34275,6
24590,7
89129,8
32805,5
19333,4
32615,5
32807,5
93308,4
93309,4
75474,7
11357,5
32809,4
28445,6
43017,8
43016,3
43015,8
31820,7
77656,5
77657,4
18337,7
93560,2
93561,4
07652,3
90262,2
90265,4
90266,4
60026,2
27958,7
78148,7
80021,4
36571,8
36575,8
85019,3
46226,1
46225,3
46224,2
46222,6
46221,2
46220,4
80023,8
80022,3
85013,7
85012,9
85015,4
85014,8
85017,4
46228,4
20906,4
48101,5
20904,5
48103,4
48104,4
48105,4
48455,5
48108,3
48458,5
19610,2
19611,4
78244,3
78245,6
63084,4
78247,7
78240,10
20176,6
78248,8
78249,5
63088,4
33432,1
12304,4
11901,4
33436,4
33437,4
12303,5
33435,4
12309,4
12308,2
18411,4
30168,4
78023,9
01082,4
37221,5
37737,5
01089,3
30707,7
50211,4
50310,3
01331,4
92549,4
77336,6
77339,7
77338,4
03244,4
03458,5
28704,4
14534,8
92316,4
11010,7
34420,5
91737,8
34428,5
34429,5
91732,4
77489,5
92284,5
73107,7
77484,6
89107,3
89106,1
89104,4
89103,6
89102,5
89101,5
43220,5
43221,4
43223,5
43224,4
89109,5
89108,5
19102,4
19103,7
19106,4
19107,4
19104,2
55068,2
60302,4
60304,5
60305,4
23836,6
02045,7
23834,4
02043,5
23832,9
23831,5
23838,4
27107,3
27106,4
27105,1
27104,5
27103,8
27101,8
64133,3
60491,9
02301,1
02302,3
74467,2
97070,5
97071,6
46052,3
46055,6
75035,10
20175,3
96706,4
96701,4
53168,5
21085,4
32134,4
32136,4
32137,3
19810,5
32132,4
01532,4
61874,6
64151,5
64152,7
64155,10
64154,5
64157,8
64156,9
75229,5
75228,3
84029,4
75220,4
84025,6
75225,5
75224,9
75227,4
84020,8
03878,1
03870,5
48187,7
85739,6
85737,5
85730,4
14052,4
14051,3
90703,5
90706,8
70769,9
54304,4
54303,5
54302,4
54301,1
32124,4
44406,7
20020,8
08221,5
44105,3
44106,1
44107,7
08225,5
44102,3
44108,4
44109,2
07020,5
07026,6
07024,5
75644,3
29420,3
23139,4
07974,4
72227,5
15010,3
15012,4
15017,5
48906,1
20180,4
20181,4
29642,4
29640,5
29644,5
32459,5
91945,4
91942,7
95842,5
32456,3
06770,4
34677,4
32548,9
50023,8
35810,3
35811,8
06518,7
06511,2
06513,5
06512,3
06515,4
06514,5
06517,5
06516,4
28115,4
90277,4
28117,3
28110,9
28112,6
11560,4
98390,5
98391,7
11561,5
30308,5
43566,8
43560,3
19317,8
19312,5
93012,7
30307,3
93010,5
93543,2
30306,8
19060,8
39073,4
60515,6
60514,9
60517,4
60516,8
60510,3
60513,4
95030,5
85259,5
85258,9
85253,5
85251,2
85250,5
85257,5
85255,8
85254,5
20613,3
85037,4
85035,3
80513,4
85032,4
85031,5
28787,8
48473,5
10036,9
99114,3
78222,4
78223,5
78221,7
78227,4
78228,3
78229,3
33418,6
94523,4
33149,5
33410,5
33411,3
33144,3
33145,4
33414,4
33143,4
33140,5
33141,4
94520,5
30143,4
30145,6
30144,5
37716,2
78596,8
32097,3
84003,5
22153,4
91950,5
77318,6
77316,8
18034,5
18036,5
37861,4
28278,9
14559,5
62002,3
28270,2
28273,7
28277,9
34442,4
38138,5
38139,5
38133,3
34448,4
91710,4
38134,5
30728,5
95337,2
93711,5
06870,5
48335,6
19128,4
19129,2
80547,5
19120,3
19121,5
55045,7
55044,2
19124,3
19125,4
19126,4
55040,6
48331,4
48114,5
20910,5
15205,5
12524,4
15207,4
15206,2
15201,4
85710,4
15203,3
15202,5
65809,4
85711,3
12528,4
73127,2
73120,6
73122,5
22180,5
22181,5
22182,4
14424,5
85718,5
08244,2
97013,6
97016,5
97015,3
92004,3
92003,6
10804,5
10805,4
10801,5
92008,7
10803,4
90715,5
49424,2
32159,5
61853,5
21060,5
21061,4
06238,7
06239,2
06234,3
01516,6
01510,2
60181,5
60187,5
60184,9
60185,8
60188,8
14072,6
92394,3
75206,5
75205,5
75204,4
75201,10
21202,4
21201,3
21206,2
21207,3
75209,5
75208,1
03857,4
53144,6
43607,2
43605,2
53140,3
53142,6
53143,7
53149,1
43608,1
43609,3
49460,5
14032,7
49464,5
85750,10
85757,3
85755,9
13207,4
13206,4
13205,5
13204,1
13203,3
13209,4
13208,5
33351,3
71129,4
33609,4
33605,5
33604,4
33607,1
33606,5
33603,3
18201,2
45385,3
20003,4
20002,7
20001,7
78252,8
78251,5
20009,8
20008,5
02726,5
08759,5
08758,3
02720,1
02721,3
08755,4
08757,4
08751,3
08750,5
08753,2
84405,5
84404,2
84401,5
84403,2
07001,3
07002,3
07003,4
07005,2
07006,5
04074,5
91384,5
04071,8
04072,7
04073,4
29405,4
29406,4
29407,10
29401,5
29403,7
99019,7
47601,5
30809,9
29662,6
29669,6
34655,4
34654,1
34653,4
34120,3
50003,8
50009,6
23114,8
53045,4
23116,7
23111,7
23112,10
23113,5
61114,4
61115,5
61111,4
60154,4
32433,5
60156,9
28134,5
32439,4
60401,4
94804,5
98374,6
98375,4
98372,1
98373,4
98371,1
62234,3
93035,4
93036,3
93030,2
93033,3
16046,7
32207,4
16146,3
55359,5
17543,5
17545,6
17547,5
60538,7
60532,4
60534,4
85233,6
85234,5
11694,3
11691,5
27312,5
46158,5
46408,3
46405,3
46151,5
07044,5
07045,5
43081,5
02532,3
02537,6
02536,5
10019,2
10013,3
10011,5
10010,4
10017,3
10016,4
10014,2
33165,4
33166,9
33167,6
33160,4
33161,5
33162,5
78201,10
33168,4
33169,3
80260,3
95358,5
70420,7
63376,6
63379,8
03062,5
03063,5
03060,4
44446,5
03064,5
30121,6
30120,5
30122,4
30127,5
30126,4
95648,4
03281,3
11050,6
33837,3
54115,4
18017,5
18015,9
37849,5
18018,5
90814,5
38111,3
38112,4
38114,1
38115,3
38116,2
38117,4
38118,4
38119,4
34461,4
02882,5
02886,4
02885,4
02889,3
02888,4
61611,5
61615,5
61614,5
61616,5
72764,5
72761,5
72762,9
02081,4
15221,3
15220,3
15227,3
15226,6
15229,8
15228,4
73142,5
20678,7
23669,4
74429,4
46107,5
97038,3
97030,8
97034,5
97035,5
92028,5
92029,7
92024,4
92025,9
92026,7
92027,7
92020,2
92021,7
21044,5
21045,5
21046,3
21047,9
21040,5
21042,9
21043,8
21048,4
96744,5
19508,4
48033,5
65757,8
06250,5
01571,6
34205,5
21220,3
21221,5
21222,5
21223,3
21224,3
21225,1
21227,5
21228,4
21229,2
11001,4
46368,4
79938,4
79930,6
79932,4
79935,2
79934,5
79936,6
11735,6
11731,4
11730,5
11733,4
11738,7
43623,2
96813,5
96815,4
99005,3
96817,4
96816,7
96818,5
90746,5
90745,8
90744,7
90740,10
60706,7
60707,5
76522,5
33629,4
46321,4
33331,4
33330,6
33332,4
33334,5
33625,6
33624,5
29626,6
48532,5
19947,5
44149,9
44140,4
44141,4
44142,2
44143,4
44144,1
44145,5
44146,5
02703,2
04011,6
40391,5
29461,1
29466,4
29464,5
33763,4
99654,8
71104,4
78418,7
18222,6
71107,6
78415,9
78414,5
78411,1
78410,5
78413,9
78412,9
30824,4
76109,6
76108,4
76107,8
76103,4
76102,4
01056,5
29689,8
29687,9
29680,7
29681,5
47448,4
34103,4
34102,5
06883,7
34105,5
34104,10
91902,6
34109,5
34108,3
07930,9
07932,5
28480,9
07936,4
19111,4
06088,3
22556,8
06085,9
06084,5
22553,6
55016,5
22551,2
92614,5
77506,2
77504,3
77505,4
77502,4
77503,3
92612,4
89084,3
89081,6
55013,3
55432,8
55433,3
55430,2
55431,3
55436,8
55437,4
55434,9
55438,4
55439,8
32413,3
98682,4
98683,4
98686,5
98684,2
98685,5
28451,7
97439,5
07424,7
93505,3
07421,4
02148,5
02149,1
28457,2
60555,4
60554,6
60559,4
60558,5
53703,4
85215,8
85213,2
85212,10
85210,4
46176,5
97378,3
10075,9
19335,9
45157,6
45150,7
45152,6
44286,9
70448,4
44281,9
70447,7
70445,6
49345,6
49341,4
63390,4
75013,5
75010,5
04101,1
75019,4
49117,4
84302,1
03049,5
49112,5
08016,5
03042,5
08015,4
08012,3
03045,4
08010,5
30107,7
30106,7
30103,4
30102,6
30101,9
78626,8
78620,7
78621,4
78628,4
18071,4
33815,4
18073,4
18072,5
33810,3
33811,5
33813,5
87144,6
94509,6
94505,5
62040,5
94507,1
94506,9
94501,5
91752,3
27539,7
83651,5
89436,6
89434,3
04106,4
89431,8
31410,5
31415,3
51503,5
51501,4
07631,3
23325,3
23324,5
23323,4
23322,5
23321,5
23320,5
72740,4
72745,5
12569,4
12561,5
15243,3
12564,4
12566,4
35750,7
35757,8
73160,4
35758,9
73162,5
92225,2
92590,5
92223,2
02806,5
72034,8
55374,7
55376,7
55371,4
55372,3
55379,2
55378,7
85338,4
75040,7
92040,4
85339,5
75043,5
19525,7
19526,5
21029,4
19522,5
12198,5
65738,7
95492,1
01801,4
32204,4
90302,8
46619,4
46617,5
46614,1
46615,4
46613,5
46342,4
21797,4
79915,10
79912,10
44505,6
90501,4
28681,7
90505,5
90504,5
29365,6
11713,2
93314,7
11710,3
11717,5
11716,3
93313,5
11714,7
89521,5
64064,10
64060,8
64063,8
20774,5
64068,9
20772,4
30909,5
48519,3
44614,9
98043,4
36695,7
36693,5
02769,5
02760,5
02767,5
04038,8
04039,8
29449,5
95124,5
95125,9
29334,6
95127,6
95120,4
29445,8
95123,2
33317,9
33316,4
33315,5
33314,8
33313,4
33312,5
33311,4
33319,4
30666,7
91355,7
76123,8
76120,4
76126,4
95020,10
95023,1
85335,2
37128,7
37129,7
21093,7
37127,5
37122,5
34698,8
06716,6
34691,3
19804,7
06712,5
34695,4
40513,7
40511,5
40517,4
48329,6
40515,7
79107,4
19809,3
92691,5
19808,4
72176,5
72173,9
23150,3
28312,8
28311,3
28314,4
77520,3
77521,4
22203,2
22202,5
22201,5
22207,9
22206,4
22205,5
22204,8
34957,3
28173,9
55418,1
55419,5
55410,4
55411,2
55412,6
55416,5
55417,6
11207,8
22101,4
11520,5
33511,5
33510,4
32693,4
02169,6
07405,10
07407,4
07403,6
30316,5
19072,5
07728,9
11971,5
46113,4
46112,5
91016,1
98332,4
98335,5
98338,6
91011,5
32034,4
19956,2
32033,5
19958,5
02571,4
97317,4
53719,5
36869,5
36867,5
53716,2
53711,5
63005,3
33129,5
33125,3
33126,4
33127,4
44266,5
44260,4
46807,4
46806,2
46805,4
46804,3
46808,4
63034,3
75038,8
75039,4
75034,9
68154,3
01002,4
08515,2
75032,5
75033,10
48188,9
48189,4
48180,3
48327,5
48183,4
48184,5
48185,4
48186,2
19010,3
08520,5
44405,4
08527,4
08525,6
14609,2
14606,3
33781,3
33782,4
20186,4
20187,5
79119,6
79118,7
79110,6
70460,7
70461,7
13039,5
13031,7
13032,2
37807,4
07866,5
18055,4
37804,8
37803,7
18052,7
37801,4
78602,8
18058,6
62062,5
28785,7
28786,8
54155,5
45248,4
27518,5
27519,10
85018,9
27514,5
27516,3
27517,4
91007,4
27511,5
27513,6
08034,5
08035,2
08037,2
08030,4
08031,4
08033,4
07874,5
23523,3
07876,4
07871,4
66208,4
89183,9
19041,4
45242,4
48323,8
48324,4
45245,4
48326,4
29169,3
85016,5
48451,4
12542,5
12540,4
20902,2
12549,5
48457,4
39206,8
92201,7
92203,4
20901,4
39208,4
35773,6
55356,7
32208,5
32209,5
32206,5
19095,4
19096,4
32205,3
19090,5
19720,4
12601,5
12603,5
92064,5
92065,7
92067,4
92069,2
21009,5
65714,7
21001,5
22079,6
01824,7
01826,4
01821,7
43402,5
76140,3
07731,3
46322,5
46323,4
21911,7
46324,4
94605,1
94603,2
11779,6
11778,7
96789,9
11771,4
11772,5
11777,2
11776,4
17025,6
17022,8
60035,10
60033,2
60030,9
60031,5
33433,4
12306,5
80128,4
80129,4
80126,5
80127,4
80124,4
80125,5
80122,5
80123,3
80120,4
80121,5
62298,8
33434,4
12302,4
62294,6
02740,3
15009,8
02743,4
02745,2
02747,5
02748,6
08736,5
08735,7
08734,5
08731,5
08730,7
11937,5
72732,8
29316,5
10552,5
10550,4
70810,10
70815,3
70817,7
70816,3
32084,5
37327,5
18914,5
32301,3
11501,4
93465,5
30318,3
30319,7
15090,3
30317,7
30314,3
30315,6
30312,4
30313,7
30310,4
30311,2
44094,4
44095,7
44092,5
11934,3
95008,5
37148,6
17331,4
37146,4
06840,5
17019,5
28376,6
72113,3
72116,4
72117,5
76148,4
72118,5
77541,5
77546,10
77545,3
35094,8
34145,5
60415,4
